id;name;reference;created
1;ROI;hardware;2020-10-11T21:59:05
2;Lead Soft Manager;atom;2020-10-11T20:54:37
3;eyeballs;ability;2020-10-12T02:23:53
4;Ramp Money Market Account;SAS deposit quantifying;2020-10-12T06:32:31
5;white;indigo;2020-10-12T00:11:48
6;Barbados Dollar Fantastic Wooden Chair Checking Account;magnetic;2020-10-11T21:41:22
7;Toys;Borders;2020-10-11T21:20:58
8;facilitate copy synthesizing;Technician;2020-10-12T10:49:02
9;Crossroad;architecture;2020-10-12T09:36:54
10;Clothing white;El Salvador program well-;2020-10-11T21:28:19
